{
	"name": "Astral Local",
	"saveDirectory": "./savegame",
	"logDirectory": "./logs",
	"ip": "0.0.0.0",
	"queryPort": 15637,
	"slotCount": 16,
	"voiceChatMode": "Proximity",
	"enableVoiceChat": false,
	"enableTextChat": false,
	"gameSettingsPreset": "Custom",
	"gameSettings": {
		"playerHealthFactor": 1,
		"playerManaFactor": 1,
		"playerStaminaFactor": 1,
		"playerBodyHeatFactor": 1,
		"enableDurability": true,
		"enableStarvingDebuff": false,
		"foodBuffDurationFactor": 1,
		"fromHungerToStarving": 600000000000,
		"shroudTimeFactor": 1,
		"tombstoneMode": "NoTombstone",
		"enableGliderTurbulences": true,
		"weatherFrequency": "Normal",
		"miningDamageFactor": 1,
		"plantGrowthSpeedFactor": 2.000000,
		"resourceDropStackAmountFactor": 2.000000,
		"factoryProductionSpeedFactor": 2.000000,
		"perkUpgradeRecyclingFactor": 0.500000,
		"perkCostFactor": 1,
		"experienceCombatFactor": 2.000000,
		"experienceMiningFactor": 2.000000,
		"experienceExplorationQuestsFactor": 2.000000,
		"randomSpawnerAmount": "Normal",
		"aggroPoolAmount": "Normal",
		"enemyDamageFactor": 1,
		"enemyHealthFactor": 1,
		"enemyStaminaFactor": 1,
		"enemyPerceptionRangeFactor": 1,
		"bossDamageFactor": 1,
		"bossHealthFactor": 1,
		"threatBonus": 1,
		"pacifyAllEnemies": false,
		"tamingStartleRepercussion": "LoseSomeProgress",
		"dayTimeDuration": 1800000000000,
		"nightTimeDuration": 720000000000
	},
	"userGroups": [
		{
			"name": "Default",
			"password": "602210",
			"canKickBan": false,
			"canAccessInventories": true,
			"canEditBase": true,
			"canExtendBase": true,
			"reservedSlots": 0
		}
	]
}